{
    "prefix": " ",
    "dataset": "cifar224",
    "memory_size": 0,
    "memory_per_class": 0,
    "fixed_memory": false,
    "shuffle": true,
    "init_cls": 10,
    "increment": 10,
    "model_name": "adam_vpt",
    "convnet_type": "pretrained_vit_b16_224_in21k_vpt",
    "device": ["0"],
    "seed": [1993],
    
    "tuned_epoch":50,
    "init_lr":0.01,
    "batch_size":24,
    "weight_decay":0.0005,
    "min_lr":0,
    "optimizer":"sgd",
    "vpt_type":"shallow",
    "prompt_token_num":5
}

