{
    "prefix": " ",
    "dataset": "omnibenchmark",
    "memory_size": 0,
    "memory_per_class": 0,
    "fixed_memory": false,
    "shuffle": true,
    "init_cls": 30,
    "increment": 30,
    "model_name": "simplecil",
    "convnet_type": "pretrained_vit_b16_224_in21k",
    "device": ["0"],
    "seed": [1993],
    
    "init_epoch": 15,
    "tuned_epoch":1,
    "init_lr":0.025,
    "tuned_lr":1e-4,
    "batch_size":32,
    "init_batch_size":32,
    "tuned_batch_size":32,
    "init_weight_decay": 5e-4,
    "tuned_weight_decay": 5e-4,
    "min_lr":1e-8,
    "tuned_min_lr":1e-8,
    "optimizer":"sgd",
    "vpt_type":"shallow",
    "prompt_token_num":3
}

